<?xml version="1.0" encoding="UTF-8"?>
<project-private xmlns="http://www.netbeans.org/ns/project-private/1">
    <open-files xmlns="http://www.netbeans.org/ns/projectui-open-files/2">
        <group>
            <file>file:/C:/Users/IVAN/OneDrive/Desktop/Documentos/NetBeansProjects/trababajo%20baena/trababajo%20baena/src/modelo/carrito%20de%20compra.java</file>
            <file>file:/C:/Users/IVAN/OneDrive/Desktop/Documentos/NetBeansProjects/trababajo%20baena/trababajo%20baena/src/modelo/modelo%20producto.java</file>
            <file>file:/C:/Users/IVAN/OneDrive/Desktop/Documentos/NetBeansProjects/trababajo%20baena/trababajo%20baena/src/vista/ChatGPT%20Image%2010%20may%202025,%2023_45_52.png</file>
            <file>file:/C:/Users/IVAN/OneDrive/Desktop/Documentos/NetBeansProjects/trababajo%20baena/trababajo%20baena/src/vista/Bienvenido(a)%20a%20nuestra%20panaderia,%20porfavor%20seleccione%20el%20apartado%20de%20su%20eleccion..png</file>
            <file>file:/C:/Users/IVAN/OneDrive/Desktop/Documentos/NetBeansProjects/trababajo%20baena/trababajo%20baena/src/vista/BEBIDAS.java</file>
            <file>file:/C:/Users/IVAN/OneDrive/Desktop/Documentos/NetBeansProjects/trababajo%20baena/trababajo%20baena/src/vista/Agua%20Cristal%201.png</file>
        </group>
    </open-files>
</project-private>
